<?xml version = "1.0" encoding = "utf-8"?>
<!DOCTYPE hibernate-configuration SYSTEM 
"http://www.hibernate.org/dtd/hibernate-configuration-3.0.dtd">
<hibernate-configuration>
	<session-factory>
		<property name="hibernate.dialect">org.hibernate.dialect.MySQL8Dialect</property>
		<property name="hibernate.connection.driver_class">com.mysql.cj.jdbc.Driver
		</property>
		<property name="hibernate.connection.url">jdbc:mysql://localhost:3306/inheritance</property>
		<property name="hibernate.connection.username">root</property>
		<property name="show_sql">true</property>
		<property name="hibernate.connection.password">admin</property>
		<property name="hbm2ddl.auto">create-drop</property>
		<!-- List of XML mapping files -->
		<mapping class="com.jpa.inheritence.Employee" />
		<mapping class="com.jpa.inheritence.RetiredEmployee" />
		<mapping class="com.jpa.inheritence.ActiveEmployee" />
	</session-factory>
</hibernate-configuration>